INSERT INTO OnlineMarketPlace.product (id, created_at, created_by, updated_at, updated_by, available, brand, category, image_url, name) VALUES (0x09A6793932674E859BC100C2B78775F3, NOW(), 'admin', NOW(), 'admin', true, 'APPLE', 'HEADPHONES', 'https://www.miniode.com/image/cache/data/resimler/apple-airpods-3-nesil-ve-lightning-sarj-kutusu-98968-500x500.jpg', 'airpods');
INSERT INTO OnlineMarketPlace.product (id, created_at, created_by, updated_at, updated_by, available, brand, category, image_url, name) VALUES (0x187E0566A50A4EF1BF0E26047AF126E7, NOW(), 'admin', NOW(), 'admin', true, 'APPLE', 'HEADPHONES', 'https://cdn.dsmcdn.com/mnresize/500/-/ty83/product/media/images/20210315/9/71154992/151903299/2/2_org.jpg', 'airpods max');
INSERT INTO OnlineMarketPlace.product (id, created_at, created_by, updated_at, updated_by, available, brand, category, image_url, name) VALUES (0x1B210F4D74244D46B6C0CFD793D55E09, NOW(), 'admin', NOW(), 'admin', true, 'APPLE', 'TABLET', 'https://m.media-amazon.com/images/I/61uA2UVnYWL._AC_UF1000,1000_QL80_.jpg', 'ipad');
INSERT INTO OnlineMarketPlace.product (id, created_at, created_by, updated_at, updated_by, available, brand, category, image_url, name) VALUES (0x220A9281E53542618D8535C74CD70FBB, NOW(), 'admin', NOW(), 'admin', true, 'APPLE', 'LAPTOP', 'https://productimages.hepsiburada.net/s/385/375-375/110000404329775.jpg', 'macbook pro');
INSERT INTO OnlineMarketPlace.product (id, created_at, created_by, updated_at, updated_by, available, brand, category, image_url, name) VALUES (0x29AE138DA618485494051B0E4F71D904, NOW(), 'admin', NOW(), 'admin', true, 'SAMSUNG', 'WATCH', 'https://cdn.akakce.com/z/samsung/samsung-galaxy-watch-7-44mm.jpg', 'galaxy watch 7');
INSERT INTO OnlineMarketPlace.product (id, created_at, created_by, updated_at, updated_by, available, brand, category, image_url, name) VALUES (0x2D1CC81677C84561A383A210FC40D916, NOW(), 'admin', NOW(), 'admin', true, 'APPLE', 'PHONE', 'https://cdn.akakce.com/z/apple/iphone-15-pro.jpg', 'iphone 15 pro');
INSERT INTO OnlineMarketPlace.product (id, created_at, created_by, updated_at, updated_by, available, brand, category, image_url, name) VALUES (0x3096680215CB4B6BBB88D64E45CD1535, NOW(), 'admin', NOW(), 'admin', true, 'SAMSUNG', 'WATCH', 'https://cdn.vatanbilgisayar.com/Upload/PRODUCT/samsung/thumb/146158-1_large.jpg', 'galaxy watch ultra');
INSERT INTO OnlineMarketPlace.product (id, created_at, created_by, updated_at, updated_by, available, brand, category, image_url, name) VALUES (0x4B5002620B3547489E2F475200E4C6BC, NOW(), 'admin', NOW(), 'admin', true, 'SAMSUNG', 'LAPTOP', 'https://static.ticimax.cloud/14862/uploads/urunresimleri/buyuk/samsung-galaxy-book2-360-133-amoled-do-698c35.jpg', 'notebook 9');
INSERT INTO OnlineMarketPlace.product (id, created_at, created_by, updated_at, updated_by, available, brand, category, image_url, name) VALUES (0x57B02D34C4E642A4A55300EC01EA831A, NOW(), 'admin', NOW(), 'admin', true, 'SAMSUNG', 'HEADPHONES', 'https://cdn.akakce.com/samsung/samsung-galaxy-buds-pro-anc-aktif-gurultu-engelleme-ipx7-tws-kablosuz-kulak-ici-sm-r190nz-z.jpg', 'galaxy buds pro');
INSERT INTO OnlineMarketPlace.product (id, created_at, created_by, updated_at, updated_by, available, brand, category, image_url, name) VALUES (0x645847342D3C4453A6EEB1846F1B0A9F, NOW(), 'admin', NOW(), 'admin', true, 'SAMSUNG', 'PHONE', 'https://cdn.akakce.com/z/samsung/samsung-galaxy-z-flip-6-256-gb-mint-yesili.jpg', 'galaxy z6 flip');
INSERT INTO OnlineMarketPlace.product (id, created_at, created_by, updated_at, updated_by, available, brand, category, image_url, name) VALUES (0x79E188A7B462496186D9D990482D5C9F, NOW(), 'admin', NOW(), 'admin', true, 'APPLE', 'LAPTOP', 'https://cdn.akakce.com/z/apple/macbook-air-m3-8-gb-256-gb-ssd-13-6-mrxv3tu-a-gece-yarisi.jpg', 'macbook air m3');
INSERT INTO OnlineMarketPlace.product (id, created_at, created_by, updated_at, updated_by, available, brand, category, image_url, name) VALUES (0x9165EBBCC0454A0EB3823230433D239B, NOW(), 'admin', NOW(), 'admin', true, 'APPLE', 'TABLET', 'https://m.media-amazon.com/images/I/81c+9BOQNWL._AC_UF1000,1000_QL80_.jpg', 'ipad pro');
INSERT INTO OnlineMarketPlace.product (id, created_at, created_by, updated_at, updated_by, available, brand, category, image_url, name) VALUES (0x9F2C517605E74034870970AEB7B6EF31, NOW(), 'admin', NOW(), 'admin', true, 'SAMSUNG', 'PHONE', 'https://cdn.akakce.com/x/samsung/samsung-galaxy-s24-ultra-256-gb.jpg', 'galaxy s24 ultra');
INSERT INTO OnlineMarketPlace.product (id, created_at, created_by, updated_at, updated_by, available, brand, category, image_url, name) VALUES (0xAF24953AA1254A5B94621CE100C4552D, NOW(), 'admin', NOW(), 'admin', true, 'APPLE', 'WATCH', 'https://cdn.akakce.com/z/apple/apple-watch-se-2-gps-40mm-yildiz-isigi-aluminyum-kasa-ve-spor-kordon.jpg', 'watch se 2');
INSERT INTO OnlineMarketPlace.product (id, created_at, created_by, updated_at, updated_by, available, brand, category, image_url, name) VALUES (0xB330E618C99540E3A6C653CD7B0B267B, NOW(), 'admin', NOW(), 'admin', true, 'APPLE', 'PHONE', 'https://cdn.akakce.com/z/apple/iphone-15.jpg', 'iphone 15');
INSERT INTO OnlineMarketPlace.product (id, created_at, created_by, updated_at, updated_by, available, brand, category, image_url, name) VALUES (0xC1154F7868074F63BAB48F65BD2F6797, NOW(), 'admin', NOW(), 'admin', true, 'APPLE', 'HEADPHONES', 'https://store.storeimages.cdn-apple.com/4668/as-images.apple.com/is/MME73?wid=2000&hei=2000&fmt=jpeg&qlt=90&.v=1632861342000', 'airpods pro');
INSERT INTO OnlineMarketPlace.product (id, created_at, created_by, updated_at, updated_by, available, brand, category, image_url, name) VALUES (0xC7ECEC15D66449CD8A7B0141BEAB6B29, NOW(), 'admin', NOW(), 'admin', true, 'SAMSUNG', 'TABLET', 'https://m.media-amazon.com/images/I/51nXXAJGj4L._AC_UF1000,1000_QL80_.jpg', 'galaxy tab a9');
INSERT INTO OnlineMarketPlace.product (id, created_at, created_by, updated_at, updated_by, available, brand, category, image_url, name) VALUES (0xE65448BE90584657A4900645914CAEF2, NOW(), 'admin', NOW(), 'admin', true, 'SAMSUNG', 'HEADPHONES', 'https://m.media-amazon.com/images/I/51S8IhbCaHL._AC_UF350,350_QL80_.jpg', 'galaxy buds 2');
INSERT INTO OnlineMarketPlace.product (id, created_at, created_by, updated_at, updated_by, available, brand, category, image_url, name) VALUES (0xF073E6DC210345F8A79751F0A9F51A11, NOW(), 'admin', NOW(), 'admin', true, 'APPLE', 'PHONE', 'https://cdn.akakce.com/z/apple/iphone-12-64-gb-kirmizi.jpg', 'iphone 12');
INSERT INTO OnlineMarketPlace.product (id, created_at, created_by, updated_at, updated_by, available, brand, category, image_url, name) VALUES (0xF189292777344C608FAE4B62B6720658, NOW(), 'admin',NOW(), 'admin', true, 'APPLE', 'PHONE', 'https://cdn03.ciceksepeti.com/cicek/kcm4177619-1/L/apple-iphone-x-64-gb-cep-telefonu-id-yok-outlet-urun-kcm4177619-1-bdc18e7fb7ef4401b5fc09d8e0b9bb7c.jpg', 'iphone x');
INSERT INTO OnlineMarketPlace.product (id, created_at, created_by, updated_at, updated_by, available, brand, category, image_url, name) VALUES (0xF83BE7BC9A9440B89F146BB5762FBA02, NOW(), 'admin', NOW(), 'admin', true, 'APPLE', 'WATCH', 'https://cdn.dsmcdn.com/ty1236/product/media/images/prod/PIM/20240402/14/e85db80e-23b0-4d46-b0d2-383a9f6621e4/1_org_zoom.jpg', 'watch ultra 2');





INSERT INTO OnlineMarketPlace.seller (id, created_at, created_by, updated_at, updated_by, email, name, surname, vendor_code) VALUES (0x43A90417B0364302814363BCD32ED488, NOW(), 'admin', NOW(), 'admin', 'michael.davis@example.com', 'Michael', 'Davis', 'MD3344');
INSERT INTO OnlineMarketPlace.seller (id, created_at, created_by, updated_at, updated_by, email, name, surname, vendor_code) VALUES (0x5C7E2399F5A840FDB3138D0E4BBB5D70, NOW(), 'admin', NOW(), 'admin', 'john.doe@example.com', 'John', 'Doe', 'JD1234');
INSERT INTO OnlineMarketPlace.seller (id, created_at, created_by, updated_at, updated_by, email, name, surname, vendor_code) VALUES (0xCFA0ABF65C654D16AA038A3F9686769B, NOW(), 'admin', NOW(), 'admin', 'robert.johnson@example.com', 'Robert', 'Johnson', 'RJ9101');
INSERT INTO OnlineMarketPlace.seller (id, created_at, created_by, updated_at, updated_by, email, name, surname, vendor_code) VALUES (0xD9BCDDBD147A4788B2D29B1FC59FBA22, NOW(), 'admin', NOW(), 'admin', 'emily.brown@example.com', 'Emily', 'Brown', 'EB1122');
INSERT INTO OnlineMarketPlace.seller (id, created_at, created_by, updated_at, updated_by, email, name, surname, vendor_code) VALUES (0xE9E19FEF4E134F0DAECAD672D636A084, NOW(), 'admin', NOW(), 'admin', 'alice.smith@example.com', 'Alice', 'Smith', 'AS5678');




INSERT INTO OnlineMarketPlace.product_sellers (products_id, sellers_id) VALUES (0x1B210F4D74244D46B6C0CFD793D55E09, 0x5C7E2399F5A840FDB3138D0E4BBB5D70);
INSERT INTO OnlineMarketPlace.product_sellers (products_id, sellers_id) VALUES (0x1B210F4D74244D46B6C0CFD793D55E09, 0x43A90417B0364302814363BCD32ED488);
INSERT INTO OnlineMarketPlace.product_sellers (products_id, sellers_id) VALUES (0x220A9281E53542618D8535C74CD70FBB, 0xCFA0ABF65C654D16AA038A3F9686769B);
INSERT INTO OnlineMarketPlace.product_sellers (products_id, sellers_id) VALUES (0x2D1CC81677C84561A383A210FC40D916, 0xCFA0ABF65C654D16AA038A3F9686769B);
INSERT INTO OnlineMarketPlace.product_sellers (products_id, sellers_id) VALUES (0x2D1CC81677C84561A383A210FC40D916, 0xD9BCDDBD147A4788B2D29B1FC59FBA22);
INSERT INTO OnlineMarketPlace.product_sellers (products_id, sellers_id) VALUES (0x4B5002620B3547489E2F475200E4C6BC, 0xE9E19FEF4E134F0DAECAD672D636A084);
INSERT INTO OnlineMarketPlace.product_sellers (products_id, sellers_id) VALUES (0x57B02D34C4E642A4A55300EC01EA831A, 0xE9E19FEF4E134F0DAECAD672D636A084);
INSERT INTO OnlineMarketPlace.product_sellers (products_id, sellers_id) VALUES (0x79E188A7B462496186D9D990482D5C9F, 0x43A90417B0364302814363BCD32ED488);
INSERT INTO OnlineMarketPlace.product_sellers (products_id, sellers_id) VALUES (0x9165EBBCC0454A0EB3823230433D239B, 0xCFA0ABF65C654D16AA038A3F9686769B);
INSERT INTO OnlineMarketPlace.product_sellers (products_id, sellers_id) VALUES (0xF073E6DC210345F8A79751F0A9F51A11, 0xD9BCDDBD147A4788B2D29B1FC59FBA22);
INSERT INTO OnlineMarketPlace.product_sellers (products_id, sellers_id) VALUES (0xB330E618C99540E3A6C653CD7B0B267B, 0x5C7E2399F5A840FDB3138D0E4BBB5D70);
INSERT INTO OnlineMarketPlace.product_sellers (products_id, sellers_id) VALUES (0xB330E618C99540E3A6C653CD7B0B267B, 0x43A90417B0364302814363BCD32ED488);
INSERT INTO OnlineMarketPlace.product_sellers (products_id, sellers_id) VALUES (0x9F2C517605E74034870970AEB7B6EF31, 0x5C7E2399F5A840FDB3138D0E4BBB5D70);
INSERT INTO OnlineMarketPlace.product_sellers (products_id, sellers_id) VALUES (0x9F2C517605E74034870970AEB7B6EF31, 0xCFA0ABF65C654D16AA038A3F9686769B);
INSERT INTO OnlineMarketPlace.product_sellers (products_id, sellers_id) VALUES (0xE65448BE90584657A4900645914CAEF2, 0xE9E19FEF4E134F0DAECAD672D636A084);
INSERT INTO OnlineMarketPlace.product_sellers (products_id, sellers_id) VALUES (0xC7ECEC15D66449CD8A7B0141BEAB6B29, 0xD9BCDDBD147A4788B2D29B1FC59FBA22);
INSERT INTO OnlineMarketPlace.product_sellers (products_id, sellers_id) VALUES (0xC7ECEC15D66449CD8A7B0141BEAB6B29, 0xCFA0ABF65C654D16AA038A3F9686769B);
INSERT INTO OnlineMarketPlace.product_sellers (products_id, sellers_id) VALUES (0x29AE138DA618485494051B0E4F71D904, 0x43A90417B0364302814363BCD32ED488);
INSERT INTO OnlineMarketPlace.product_sellers (products_id, sellers_id) VALUES (0x29AE138DA618485494051B0E4F71D904, 0x5C7E2399F5A840FDB3138D0E4BBB5D70);
INSERT INTO OnlineMarketPlace.product_sellers (products_id, sellers_id) VALUES (0x3096680215CB4B6BBB88D64E45CD1535, 0xCFA0ABF65C654D16AA038A3F9686769B);
INSERT INTO OnlineMarketPlace.product_sellers (products_id, sellers_id) VALUES (0x3096680215CB4B6BBB88D64E45CD1535, 0xD9BCDDBD147A4788B2D29B1FC59FBA22);
INSERT INTO OnlineMarketPlace.product_sellers (products_id, sellers_id) VALUES (0xAF24953AA1254A5B94621CE100C4552D, 0xE9E19FEF4E134F0DAECAD672D636A084);
INSERT INTO OnlineMarketPlace.product_sellers (products_id, sellers_id) VALUES (0xAF24953AA1254A5B94621CE100C4552D, 0xCFA0ABF65C654D16AA038A3F9686769B);
INSERT INTO OnlineMarketPlace.product_sellers (products_id, sellers_id) VALUES (0xF83BE7BC9A9440B89F146BB5762FBA02, 0x5C7E2399F5A840FDB3138D0E4BBB5D70);
INSERT INTO OnlineMarketPlace.product_sellers (products_id, sellers_id) VALUES (0xF83BE7BC9A9440B89F146BB5762FBA02, 0xD9BCDDBD147A4788B2D29B1FC59FBA22);
INSERT INTO OnlineMarketPlace.product_sellers (products_id, sellers_id) VALUES (0xC1154F7868074F63BAB48F65BD2F6797, 0xCFA0ABF65C654D16AA038A3F9686769B);
INSERT INTO OnlineMarketPlace.product_sellers (products_id, sellers_id) VALUES (0x645847342D3C4453A6EEB1846F1B0A9F, 0xE9E19FEF4E134F0DAECAD672D636A084);
INSERT INTO OnlineMarketPlace.product_sellers (products_id, sellers_id) VALUES (0x09A6793932674E859BC100C2B78775F3, 0xD9BCDDBD147A4788B2D29B1FC59FBA22);
INSERT INTO OnlineMarketPlace.product_sellers (products_id, sellers_id) VALUES (0x09A6793932674E859BC100C2B78775F3, 0xE9E19FEF4E134F0DAECAD672D636A084);
INSERT INTO OnlineMarketPlace.product_sellers (products_id, sellers_id) VALUES (0x187E0566A50A4EF1BF0E26047AF126E7, 0x43A90417B0364302814363BCD32ED488);
INSERT INTO OnlineMarketPlace.product_sellers (products_id, sellers_id) VALUES (0x187E0566A50A4EF1BF0E26047AF126E7, 0x5C7E2399F5A840FDB3138D0E4BBB5D70);
